"nomes_cartas","n_combos"
"Abhorrent Overlord",2
"Abundance",25
"Abzan Battle Priest",1
"Academy Manufactor",22
"Academy Rector",4
"Academy Ruins",1
"Accelerated Mutation",2
"Accorder's Shield",5
"Acererak the Archlich",9
"Acorn Catapult",9
"Acrobatic Maneuver",2
"Act of Heroism",2
"Act of Treason",1
"Ad Nauseam",12
"Adamant Will",2
"Adaptive Automaton",1
"Adarkar Valkyrie",15
"Admonition Angel",1
"Adrix and Nev, Twincasters",20
"Adun Oakenshield",1
"Aegis Angel",1
"Aegis Automaton",6
"Aegis of the Heavens",2
"Aeon Engine",1
"Aerial Maneuver",2
"Aerie Ouphes",20
"Aeromoeba",7
"Aether Adept",2
"Aether Flash",3
"Aether Snap",2
"Aether Storm",3
"Aetherflux Reservoir",32
"Aetherling",1
"Aetherworks Marvel",1
"Agadeem's Awakening",2
"Agent of Stromgald",4
"Agent of Treachery",1
"Aggravated Assault",27
"Aim High",1
"Airdrop Aeronauts",1
"Ajani's Chosen",1
"Ajani's Presence",1
"Ajani's Welcome",5
"Ajani, Strength of the Pride",1
"Akoum Boulderfoot",1
"Akoum Hellkite",60
"Akroma's Memorial",4
"Alabaster Dragon",3
"Alarum",2
"Alchemist's Gambit",1
"Alchor's Tomb",1
"Alena, Kessig Trapper",11
"Alesha, Who Smiles at Death",2
"Alhammarret's Archive",1
"Alirios, Enraptured",1
"Alley Evasion",2
"Alliance of Arms",1
"Allosaurus Shepherd",1
"Alloy Myr",4
"Altar Golem",1
"Altar of Dementia",229
"Altar of the Brood",22
"Aluren",70
"Always Watching",2
"Amareth, the Lustrous",15
"Ambassador Laquatus",3
"Ambassador Oak",1
"Ambitious Aetherborn",1
"Aminatou, the Fateshifter",12
"Amoeboid Changeling",1
"Amulet of Vigor",39
"Anafenza, Kin-Tree Spirit",4
"Anax, Hardened in the Forge",12
"Ancestor's Chosen",4
"Ancestral Statue",12
"Ancient Den",1
"Ancient Greenwarden",4
"Ancient Stone Idol",1
"Angel's Grace",9
"Angel's Trumpet",2
"Angel of Fury",3
"Angel of Glory's Rise",12
"Angel of Invention",2
"Angel of Jubilation",2
"Angel of Mercy",1
"Angel of Renewal",4
"Angelic Blessing",2
"Angelic Chorus",4
"Angelic Protector",1
"Angelic Quartermaster",5
"Angelic Renewal",6
"Angelic Shield",1
"Angelic Skirmisher",1
"Anger",10
"Angler Drake",1
"Animal Boneyard",1
"Animar, Soul of Elements",19
"Animate Artifact",6
"Animate Dead",18
"Animating Faerie",7
"Animation Module",43
"Anje Falkenrath",1
"Anodet Lurker",1
"Anointed Procession",43
"Anointer Priest",3
"Answered Prayers",4
"Ant Queen",7
"Antler Skulkin",2
"Anvil of Bogardan",1
"Ao, the Dawn Sky",2
"Aphetto Alchemist",19
"Aphotic Wisps",1
"Apocalypse",6
"Appeal // Authority",2
"Apprentice Wizard",4
"Approach of the Second Sun",8
"Aquamoeba",5
"Arashin Cleric",1
"Arashin Sovereign",3
"Araumi of the Dead Tide",1
"Arbor Elf",79
"Arborback Stomper",1
"Arcane Adaptation",53
"Arcane Laboratory",2
"Arcane Melee",80
"Arcane Teachings",3
"Arcanis the Omnipotent",5
"Arcbond",10
"Arcbound Crusher",2
"Arcbound Ravager",2
"Arcbound Reclaimer",12
"Archaeomancer",135
"Archangel of Thune",4
"Archangel of Tithes",4
"Archelos, Lagoon Mystic",17
"Archery Training",1
"Archetype of Imagination",5
"Archfiend of Despair",6
"Archghoul of Thraben",13
"Archivist",2
"Archmage Emeritus",1
"Archon of Emeria",1
"Archon of Falling Stars",6
"Archon of Sun's Grace",1
"Arcum's Astrolabe",1
"Arcum Dagsson",2
"Ardent Electromancer",1
"Arena Rector",3
"Argivian Archaeologist",1
"Argothian Elder",20
"Arguel's Blood Fast",1
"Arixmethes, Slumbering Isle",23
"Armada Wurm",1
"Armageddon",1
"Armed // Dangerous",2
"Arrester's Zeal",2
"Artful Maneuver",2
"Artificial Evolution",6
"Ashaya, Soul of the Wild",130
"Ashcloud Phoenix",1
"Ashen Firebeast",2
"Ashes of the Abhorrent",1
"Ashes of the Fallen",9
"Ashnod's Altar",674
"Ashnod's Transmogrant",2
"Ashnods Altar",1
"Aspect of Hydra",2
"Aspect of Lamprey",8
"Assault Suit",4
"Assemble the Legion",1
"Astral Cornucopia",5
"Astral Steel",2
"Atemsis, All-Seeing",6
"Athreos, Shroud-Veiled",5
"Atla Palani, Nest Tender",337
"Atraxa, Praetors' Voice",2
"Atsushi, the Blazing Sky",4
"Attended Knight",2
"Atzocan Seer",3
"Aura of Dominion",6
"Aura Thief",2
"Aurelia, the Warleader",5
"Auriok Champion",3
"Auriok Salvagers",11
"Auriok Steelshaper",8
"Aurora Eidolon",5
"Avacyn's Collar",1
"Avacyn's Pilgrim",1
"Avacyn, Angel of Hope",25
"Aven Gagglemaster",3
"Aven Surveyor",1
"Avenger of Zendikar",7
"Avid Reclaimer",2
"Awaken the Bear",2
"Awakened Awareness",2
"Awakening Zone",1
"Axebane Guardian",3
"Axis of Mortality",20
"Ayara, First of Locthwain",12
"Ayli, Eternal Pilgrim",1
"Ayula's Influence",12
"Azami, Lady of Scrolls",4
"Azorius Chancery",124
"Azusa, Lost but Seeking",6
"Back to Nature",1
"Backdraft Hellkite",5
"Backslide",2
"Bad Moon",2
"Baird, Steward of Argive",4
"Bala Ged Recovery",1
"Balancing Act",1
"Baleful Strix",1
"Balustrade Spy",1
"Banishing Knack",17
"Barkshell Blessing",2
"Barrage Ogre",22
"Barren Glory",10
"Barrin, Master Wizard",2
"Baru, Fist of Krosa",1
"Basal Sliver",8
"Basalt Monolith",66
"Basilisk Collar",21
"Basri's Lieutenant",21
"Bastion of Remembrance",20
"Battalion Foot Soldier",1
"Battered Golem",6
"Batterskull",1
"Battlewise Valor",2
"Bayou",2
"Bazaar of Baghdad",4
"Beacon of Immortality",10
"Beacon of Tomorrows",5
"Bear Umbra",9
"Bearer of the Heavens",1
"Beast Whisperer",7
"Beastcaller Savant",5
"Beck // Call",3
"Become Immense",2
"Bedlam",7
"Beetleback Chief",1
"Behold the Beyond",1
"Beledros Witherbloom",2
"Bellowing Aegisaur",18
"Belt of Giant Strength",2
"Benalish Marshal",2
"Benefactor's Draught",3
"Benthic Biomancer",5
"Beseech the Queen",4
"Biblioplex Assistant",1
"Bile Urchin",1
"Biomancer's Familiar",38
"Bioshift",1
"Biovisionary",21
"Birds of Paradise",5
"Birgi, God of Storytelling",59
"Birgi, God of Storytelling // Harnfel, Horn of Bounty",7
"Birthing Hulk",3
"Birthing Pod",3
"Bishop of Rebirth",1
"Bishop of Wings",26
"Bitter Ordeal",3
"Black Lotus",7
"Black Sun's Zenith",1
"Blade of Selves",6
"Blade of the Bloodchief",2
"Bladewing the Risen",9
"Blanket of Night",1
"Blaring Recruiter",7
"Blasphemous Act",7
"Blasted Landscape",12
"Blasting Station",91
"Blazing Sunsteel",2
"Blessed Orator",1
"Blessed Sanctuary",1
"Blighted Bat",1
"Blightsteel Colossus",2
"Blim, Comedic Genius",3
"Blind Seer",2
"Blinking Spirit",1
"Blisterpod",2
"Blisterspit Gremlin",1
"Blood Artist",73
"Blood Celebrant",17
"Blood Clock",1
"Blood Funnel",1
"Blood Pet",6
"Blood Tithe",1
"Blood Vassal",1
"Bloodchief Ascension",2
"Bloodflow Connoisseur",2
"Bloodghast",5
"Bloodline Keeper",1
"Bloodline Necromancer",7
"Bloodline Pretender",1
"Bloodsoaked Champion",29
"Bloodspore Thrinax",6
"Bloodthrone Vampire",2
"Bloom Tender",19
"Blossom Dryad",26
"Blossoming Defense",3
"Blowfly Infestation",7
"Blue Sun's Zenith",1
"Blur Sliver",8
"Body Double",9
"Body of Knowledge",8
"Body of Research",1
"Body Snatcher",4
"Bog Initiate",5
"Bog Serpent",2
"Bogardan Phoenix",2
"Bolas's Citadel",18
"Bond of Revival",2
"Bone Miser",68
"Bone Saw",5
"Bontu's Monument",8
"Bonus Round",8
"Book Burning",1
"Boon of the Wish-Giver",2
"Boonweaver Giant",14
"Borborygmos Enraged",25
"Boros Charm",19
"Boros Garrison",106
"Boros Reckoner",131
"Bosh, Iron Golem",1
"Bounding Krasis",1
"Bounty of Might",2
"Brago, King Eternal",20
"Brain Freeze",10
"Brainstone",1
"Brainstorm",2
"Brallin, Skyshark Rider",4
"Bramble Elemental",3
"Bramble Sovereign",2
"Branching Evolution",25
"Brash Taunter",8
"Brass's Bounty",10
"Brazen Buccaneers",3
"Brazen Dwarf",3
"Breaching Hippocamp",3
"Break of Day",18
"Breath of Fury",8
"Breeding Pit",1
"Breeding Pool",2
"Breya, Etherium Shaper",8
"Briber's Purse",5
"Bridge from Below",2
"Brightstone Ritual",1
"Brindle Shoat",1
"Brine Elemental",1
"Bringer of the Green Dawn",1
"Brood Monitor",5
"Brought Back",3
"Brudiclad, Telchor Engineer",28
"Brute Force",2
"Brute Strength",2
"Bruvac the Grandiloquent",1
"Bruvac, the Grandiloquent",1
"Buccaneer's Bravado",2
"Budoka Gardener",217
"Builder's Blessing",1
"Built to Last",2
"Buried Alive",19
"Burning-Tree Emissary",8
"Burning Anger",1
"Burning Inquiry",5
"Burnt Offering",16
"Burst of Energy",1
"Butcher Ghoul",17
"Butcher of Malakir",17
"Cabal Coffers",1
"Cabal Paladin",3
"Cabal Ritual",6
"Cabal Therapy",2
"Cache Raiders",9
"Cackling Counterpart",4
"Cacophodon",11
"Cadaverous Bloom",16
"Caged Sun",6
"Call for Unity",2
"Call to Glory",12
"Call to Heel",1
"Caller of the Claw",2
"Calming Verse",3
"Candelabra of Tawnos",3
"Canopy Vista",2
"Canyon Slough",12
"Capsize",7
"Captain's Call",2
"Captain of the Mists",5
"Capture of Jingzhou",89
"Carnifex Demon",1
"Carnival of Souls",12
"Carpet of Flowers",4
"Carrion Feeder",49
"Carrion Howler",1
"Cartographer",22
"Cartouche of Ambition",8
"Carven Caryatid",1
"Cascading Cataracts",5
"Cast Through Time",24
"Castle",1
"Catacomb Sifter",1
"Catalyst Elemental",3
"Catapult Fodder",3
"Cateran Overlord",1
"Cathar's Shield",5
"Cathars' Crusade",51
"Cathodion",28
"Cauldron Familiar",7
"Cauldron of Souls",2
"Cavalier of Dawn",53
"Cavalier of Gales",3
"Cavalier of Night",3
"Cavern Harpy",16
"Cavern Whisperer",2
"Ceaseless Searblades",2
"Celestial Convergence",1
"Cemetery Reaper",1
"Censor",2
"Centaur Nurturer",3
"Centaur Omenreader",1
"Cephalid Aristocrat",8
"Cephalid Illusionist",17
"Cephalid Inkshrouder",5
"Cephalid Shrine",1
"Cerulean Wisps",2
"Chain of Acid",50
"Chain of Plasma",1
"Chain of Smog",3
"Chain of Vapor",1
"Chain Stasis",2
"Chainer, Dementia Master",42
"Chainer, Nightmare Adept",1
"Chakram Retriever",7
"Chalice of the Void",6
"Chamber Sentry",3
"Champion of the Perished",5
"Chance Encounter",1
"Chance for Glory",7
"Chandra's Ignition",7
"Chandra Nalaar",2
"Chandra, Acolyte of Flame",3
"Chandra, Bold Pyromancer",1
"Chandra, Flame's Catalyst",2
"Chandra, Flame's Fury",2
"Chandra, Flamecaller",2
"Chandra, Heart of Fire",2
"Chandra, Novice Pyromancer",10
"Chandra, Pyrogenius",2
"Chandra, Pyromaster",2
"Chandra, the Firebrand",2
"Chandra, Torch of Defiance",10
"Changeling Berserker",3
"Changeling Hero",2
"Changeling Outcast",4
"Changeling Titan",1
"Channel",2
"Channel the Suns",3
"Channeler Initiate",9
"Charmbreaker Devils",5
"Chasm Skulker",1
"Chatterfang, Squirrel General",18
"Cheering Fanatic",1
"Chief of the Foundry",1
"Child of Alara",3
"Children of Korlis",2
"Chimeric Coils",2
"Chimeric Idol",1
"Chimeric Mass",2
"Chisei, Heart of Oceans",3
"Chishiro, the Shattered Blade",10
"Chittering Harvester",2
"Cho-Arrim Alchemist",1
"Choke",6
"Choking Tethers",2
"Chorus of Might",2
"Chromanticore",7
"Chromatic Orrery",142
"Chromatic Star",1
"Chrome Mox",5
"Chronozoa",4
"Chulane, Teller of Tales",13
"Cinder Glade",2
"Cinder Pyromancer",1
"Cinderhaze Wretch",4
"Circle of Dreams Druid",4
"Circu, Dimir Lobotomist",5
"Citanul Hierophants",5
"City of Shadows",1
"City of Solitude",1
"Civic Guildmage",2
"Claws of Gix",7
"Clearwater Goblet",1
"Cleaving Reaper",2
"Cleric Class",9
"Clever Conjurer",1
"Clever Impersonator",17
"Cliffhaven Vampire",4
"Clock of Omens",63
"Clone",5
"Cloud Key",15
"Cloud of Faeries",18
"Cloudblazer",1
"Cloudkin Seer",1
"Cloudpiercer",2
"Cloudshift",8
"Cloudshredder Sliver",6
"Cloudstone Curio",110
"Clutch of Currents",1
"Coalhauler Swine",12
"Coalition Victory",3
"Coastal Wizard",1
"Coat of Arms",2
"Codex Shredder",18
"Coercive Recruiter",3
"Coffin Queen",1
"Cogwork Assembler",6
"Colfenor, the Last Yew",22
"Collected Company",1
"Collector Ouphe",6
"Collision // Colossus",2
"Colossal Might",2
"Colossus Hammer",2
"Combat Celebrant",39
"Command Beacon",1
"Commander's Authority",1
"Commander's Sphere",5
"Compelling Argument",2
"Complicate",2
"Composite Golem",9
"Compost",2
"Conch Horn",1
"Conclave Mentor",25
"Conclave Phalanx",3
"Concordant Crossroads",15
"Confidence from Strength",2
"Conflux",2
"Confront the Unknown",2
"Conjurer's Bauble",1
"Conjurer's Closet",29
"Consecrated Sphinx",4
"Conspicuous Snoop",6
"Conspiracy",36
"Constricting Tendrils",2
"Consulate Crackdown",1
"Consuming Vapors",1
"Contagion",1
"Contagion Clasp",1
"Contagion Engine",2
"Copper Myr",1
"Copy Artifact",2
"Copy Enchantment",12
"Coral Atoll",18
"Coral Barrier",1
"Core Prowler",1
"Coretapper",30
"Corpse Blockade",2
"Corpse Cur",2
"Corpse Dance",8
"Corpse Knight",37
"Corpsejack Menace",19
"Corridor Monitor",16
"Corrupted Conscience",4
"Cosi's Ravager",59
"Cosmotronic Wave",6
"Council of Advisors",1
"Council of the Absolute",1
"Countervailing Winds",2
"Courser of Kruphix",59
"Coveted Jewel",50
"Coveted Prize",2
"Crab Umbra",1
"Crackdown Construct",31
"Crash the Ramparts",2
"Craterhoof Behemoth",1
"Creakwood Liege",1
"Crimson Kobolds",20
"Crookshank Kobolds",19
"Crovax, Ascendant Hero",6
"Crown of Flames",5
"Crown Of Flames",1
"Crucible of Worlds",6
"Cruel Bargain",2
"Cruel Celebrant",6
"Crypt Champion",1
"Cryptic Caves",3
"Cryptic Gateway",1
"Cryptic Trilobite",62
"Cryptolith Rite",56
"Crystal Ball",1
"Crystal Shard",27
"Crystalline Crawler",92
"Culling the Weak",1
"Cultivator Colossus",1
"Curator of Mysteries",2
"Curiosity",18
"Curse of Fool's Wisdom",7
"Cursecatcher",5
"Cursed Mirror",1
"Custodi Soulbinders",1
"Cut // Ribbons",1
"Cyclical Evolution",2
"Cyclonic Rift",1
"Cyclops of Eternal Fury",2
"Dakmor Salvage",73
"Dalakos, Crafter of Wonders",14
"Dance of Many",1
"Dance of the Dead",12
"Dargo, the Shipwrecker",17
"Darien, King of Kjeldor",8
"Dark Maze",1
"Dark Petition",2
"Dark Privilege",1
"Dark Ritual",4
"Dark Sphere",2
"Darkest Hour",7
"Darksteel Axe",4
"Darksteel Brute",4
"Darksteel Citadel",5
"Darksteel Colossus",1
"Darksteel Forge",5
"Darksteel Gargoyle",2
"Darksteel Garrison",3
"Darksteel Ingot",4
"Darksteel Pendant",4
"Darksteel Plate",28
"Darksteel Reactor",7
"Darksteel Relic",9
"Daru Spiritualist",2
"Daryl, Hunter of Walkers",4
"Dauntless Bodyguard",1
"Dawn's Reflection",1
"Dawn Evangel",4
"Dawn of Hope",1
"Daxos, Blessed by the Sun",5
"Day of the Dragons",4
"Daybreak Coronet",7
"Deadeye Navigator",55
"Deadly Dispute",9
"Death's Presence",1
"Death Cultist",2
"Deathbellow War Cry",3
"Deathbringer Thoctar",4
"Deathcap Cultivator",1
"Deathgreeter",3
"Deathrender",10
"Deathrite Shaman",1
"Decaying Soil",2
"Deceiver Exarch",10
"Declare Dominance",2
"Decoction Module",2
"Decree of Annihilation
",1
"Decree of Silence",1
"Deekah, Fractal Theorist",1
"Deep Forest Hermit",1
"Deepglow Skate",1
"Defiant Bloodlord",1
"Delaying Shield",1
"Delif's Cone",2
"Delina, Wild Mage",2
"Demon of Dark Schemes",1
"Demonic Collusion",2
"Demonic Consultation",10
"Demonic Tutor",4
"Den Protector",1
"Depths of Desire",1
"Deranged Hermit",1
"Derevi, Empyrial Tactician",24
"Desecrated Tomb",11
"Deserted Temple",3
"Desperate Lunge",2
"Desperate Ritual",17
"Detention Sphere",4
"Devoted Druid",18
"Devouring Swarm",1
"Diabolic Revelation",3
"Diabolic Tutor",5
"Diamond Lion",13
"Diamond Valley",4
"Dictate of Erebos",17
"Dictate of Heliod",1
"Dictate of Karametra",3
"Dictate of Kruphix",1
"Dictate of the Twin Gods",4
"Diligent Excavator",1
"Dimir Aqueduct",124
"Dimir House Guard",1
"Dingus Staff",4
"Dire Fleet Ravager",1
"Dire Undercurrents",1
"Diregraf Captain",1
"Dirge Bat",2
"Disappear",1
"Disciple of Griselbrand",1
"Disciple of Kangee",2
"Disciple of the Vault",4
"Dismantle",2
"Dismiss into Dream",2
"Displace",1
"Dissipation Field",1
"Distemper of the Blood",2
"Disturbed Burial",5
"Divergent Transformations",6
"Divine Intervention",2
"Divine Visitation",7
"Diviner's Wand",4
"Divining Witch",3
"Djinn Illuminatus",2
"Dockside Extortionist",63
"Dominating Vampire",1
"Donal, Herald of Wings",2
"Donate",2
"Doomed Artisan",1
"Doomed Dissenter",1
"Doomed Necromancer",1
"Doomgape",1
"Doomsday",25
"Double Major",4
"Doubling Cube",2
"Doubling Season",95
"Dovescape",1
"Downdraft",6
"Dowsing Shaman",1
"Draconic Disciple",3
"Dragon Broodmother",1
"Dragon Tempest",1
"Dragonlord Kolaghan",1
"Dragonsguard Elite",2
"Dralnu, Lich Lord",6
"Dramatic Reversal",45
"Drana's Chosen",1
"Drannith Magistrate",5
"Draugr Recruiter",1
"Dread",5
"Dread Return",13
"Dread Slaver",1
"Dream Chisel",1
"Dream Coat",2
"Dream Halls",12
"Dream Stalker",20
"Dream Thief",1
"Dream Thrush",2
"Dreampod Druid",1
"Dreams of the Dead",1
"Dreamstone Hedron",6
"Dreamtail Heron",2
"Dregscape Sliver",1
"Dregscape Zombie",2
"Drifting Meadow",12
"Drizzt Do'Urden",2
"Drogskol Reaver",11
"Dross Harvester",1
"Dross Hopper",1
"Dross Scorpion",24
"Drover of the Mighty",3
"Drowner of Hope",3
"Drownyard Temple",13
"Druid's Call",4
"Druid of the Anima",1
"Druid of the Cowl",1
"Druids' Repository",1
"Dryad Arbor",5
"Dryad of the Ilysian Grove",5
"Dual Casting",3
"Dual Nature",6
"Dual Strike",6
"Dualcaster Mage",42
"Duergar Mine-Captain",2
"Duskmantle Guildmage",1
"Dustin, Gadget Genius",2
"Dwarven Bloodboiler",1
"Dwarven Priest",3
"Dwynen's Elite",1
"Early Harvest",1
"Earsplitting Rats",4
"Earthbrawn",2
"Earthcraft",72
"Eater of the Dead",1
"Eater of Virtue",2
"Edgewalker",4
"Efficient Construction",2
"Eidolon of Rhetoric",2
"Elder Druid",2
"Eldrazi Displacer",40
"Eldrazi Monument",27
"Eldrazi Skyspawner",1
"Eldritch Evolution",1
"Electrodominance",1
"Electrostatic Field",1
"Elemental Mastery",20
"Elenda, the Dusk Rose",2
"Elesh Norn, Grand Cenobite",6
"Elfhame Druid",1
"Eligeth, Crossroads Augur",6
"Elite Arcanist",8
"Elixir of Immortality",4
"Eloise, Nephalia Sleuth",7
"Elsha of the Infinite",12
"Elvish Aberration",9
"Elvish Archdruid",9
"Elvish Fury",5
"Elvish Harbinger",3
"Elvish Mystic",4
"Elvish Pioneer",1
"Elvish Soultiller",3
"Elvish Visionary",1
"Embalmer's Tools",22
"Emblem of the Warmind",1
"Embodiment of Fury",3
"Embodiment of Insight",3
"Embraal Gear-Smasher",22
"Emerald Charm",1
"Emergence Zone",2
"Emergent Growth",2
"Emergent Ultimatum",1
"Emeria Angel",72
"Emeria Shepherd",14
"Emiel the Blessed",74
"Emiel, the Blessed",4
"Emmara, Soul of the Accord",13
"Empowered Autogenerator",10
"Emrakul, the Aeons Torn",33
"Emrakul, the Promised End",1
"Emry, Lurker of the Loch",120
"Enchanted Evening",24
"Endless Cockroaches",1
"Endless One",8
"Endless Ranks of the Dead",1
"Endless Sands",13
"Endless Swarm",1
"Endling",2
"Endrek Sahr, Master Breeder",9
"Enduring Angel",2
"Enduring Ideal",1
"Enduring Renewal",41
"Enduring Scalelord",1
"Energy Arc",12
"Energy Chamber",2
"Energy Field",1
"Engineered Explosives",5
"Engineered Might",2
"Engineered Plague",6
"Enigma Eidolon",5
"Enlarge",2
"Enlightened Tutor",1
"Enshrouding Mist",2
"Ensoul Artifact",10
"Enter the Infinite",5
"Enthusiastic Mechanaut",6
"Entomb",1
"Entreat the Dead",2
"Ephemeral Shields",3
"Ephemerate",5
"Epicure of Blood",2
"Epitaph Golem",1
"Equilibrium",4
"Erayo, Soratami Ascendant",4
"Erratic Portal",27
"Escape Protocol",174
"Esika, God of the Tree",1
"Esix, Fractal Bloom",25
"Esper Sojourners",3
"Esper Stormblade",1
"Essence Depleter",2
"Essence Flux",2
"Essence Fracture",2
"Essence Warden",7
"Estrid's Invocation",10
"Estrid, the Masked",2
"Eternal Dominion",1
"Eternal Scourge",32
"Eternal Taskmaster",1
"Eternal Thirst",8
"Eternal Witness",85
"Eternity Vessel",2
"Ethereal Absolution",3
"Ethereal Champion",13
"Etherium Sculptor",9
"Ethersworn Canonist",1
"Everflowing Chalice",7
"Everquill Phoenix",2
"Evil Twin",1
"Evolution Sage",3
"Exhume",1
"Expansion // Explosion",4
"Experiment Kraj",17
"Experimental Frenzy",5
"Explosive Growth",2
"Expropriate",5
"Exquisite Blood",8
"Exsanguinate",1
"Extraplanar Lens",3
"Eye of Singularity",1
"Eye of the Storm",8
"Eyeless Watcher",3
"Ezuri, Claw of Progress",2
"Ezuri, Renegade Leader",3
"Face of Divinity",7
"Faceless Butcher",1
"Faces of the Past",1
"Faeburrow Elder",19
"Faerie Guidemother",2
"Faerie Seer",1
"Faith's Reward",10
"Faith of the Devoted",3
"Falkenrath Aristocrat",1
"Falkenrath Celebrants",2
"Falkenrath Gorger",1
"Falkenrath Noble",8
"Falkenrath Torturer",1
"Fall of the Thran",1
"Fallen Angel",1
"Fallen Ideal",1
"Fallowsage",1
"False Cure",1
"False Dawn",4
"False Demise",6
"Famished Paladin",65
"Fanatical Devotion",3
"Fanatical Firebrand",1
"Farmstead Gleaner",4
"Farrelite Priest",2
"Fastbond",3
"Fate Unraveler",1
"Fated Infatuation",3
"Fatestitcher",26
"Fathom Mage",2
"Fblthp, the Lost",1
"Fearsome Awakening",2
"Fecundity",8
"Feldon of the Third Path",19
"Felhide Spiritbinder",1
"Felidar Guardian",53
"Felidar Retreat",20
"Felidar Umbra",8
"Ferocious Charge",2
"Ferocious Pup",1
"Ferropede",1
"Fertile Ground",1
"Fertilid",18
"Fervor",7
"Fetid Pools",12
"Field of Ruin",1
"Field of the Dead",12
"Fiend Hunter",9
"Fiendlash",10
"Fight as One",2
"Filigree Angel",3
"Filigree Familiar",2
"Filigree Sages",5
"Final Fortune",14
"Final Parting",2
"Finale of Devastation",1
"Finale of Promise",1
"Fire Whip",4
"Firedrinker Satyr",2
"Firemind's Foresight",1
"Firemind Vessel",1
"Fires of Yavimaya",2
"Firewake Sliver",2
"First Day of Class",10
"Fistful of Force",2
"Fit of Rage",2
"Flamerush Rider",19
"Flameshadow Conjuring",2
"Flametongue Kavu",1
"Flamewright",2
"Flash",13
"Flayer Husk",3
"Flayer of the Hatebound",9
"Fleet Swallower",2
"Fleetfoot Panther",2
"Flesh-Eater Imp",1
"Fleshtaker",2
"Flickering Ward",5
"Fling",1
"Floodchaser",1
"Floodwaters",2
"Flowstone Hellion",1
"Fluctuator",132
"Folio of Fancies",6
"Followed Footsteps",57
"Food Chain",57
"Fool's Demise",4
"Footlight Fiend",1
"Footsteps of the Goryo",2
"Force of Virtue",2
"Forerunner of the Empire",6
"Forgeborn Oreads",1
"Fork",13
"Forsaken Monument",2
"Fortifying Provisions",1
"Fortune Thief",2
"Foul Presence",1
"Foundry Inspector",9
"Fountain of Youth",5
"Fractured Identity",8
"Frantic Search",9
"Fraying Omnipotence",1
"Fraying Sanity",3
"Freed from the Real",220
"Frenetic Efreet",7
"Frenetic Sliver",1
"Frenzied Fugue",1
"Frog Tongue",6
"From Beyond",1
"From Under the Floorboards",3
"Frostveil Ambush",2
"Fully Grown",2
"Fume Spitter",1
"Funeral Charm",1
"Furious Assault",1
"Furnace Celebration",1
"Furnace of Rath",4
"Fury Charm",2
"Fury Storm",8
"Furystoke Giant",4
"Future Sight",14
"Fylamarid",2
"Fyndhorn Druid",1
"Fyndhorn Elves",4
"Gaea's Blessing",18
"Gaea's Cradle",7
"Gaea's Liege",2
"Gaea's Might",2
"Galvanic Juggernaut",3
"Galvanic Key",3
"Galvanoth",1
"Gamble",1
"Garenbrig Carver",2
"Garna, the Bloodflame",7
"Garruk Relentless",2
"Garruk, Apex Predator",1
"Gateway Plaza",2
"Gather Courage",2
"Gatherer of Graces",1
"Gauntlets of Light",1
"Gavony Ironwright",1
"Gemhide Sliver",16
"Gemrazer",2
"Gemstone Array",17
"General Tazri",9
"Genesis Chamber",7
"Genesis Hydra",1
"Geralf's Messenger",9
"Gerrard's Command",2
"Gerrard, Weatherlight Hero",3
"Geth's Verdict",1
"Ghave, Guru of Spores",97
"Ghired, Conclave Exile",24
"Ghost Quarter",3
"Ghost Town",72
"Ghostly Flicker",423
"Ghostly Pilferer",5
"Ghostly Prison",4
"Ghoulcaller Gisa",6
"Giant Growth",4
"Gideon's Resolve",2
"Gideon's Sacrifice",8
"Gideon of the Trials",19
"Gideon, Ally of Zendikar",1
"Gift of Doom",18
"Gift of Growth",2
"Gift of Immortality",13
"Gift of Orzhova",7
"Gift of Strength",2
"Gigantoplasm",1
"Gilded Lotus",67
"Gilder Bairn",1
"Gingerbread Cabin",2
"Gisela, Blade of Goldnight",3
"Gitaxian Probe",1
"Give No Ground",2
"Glacial Chasm",7
"Glarecaster",1
"Glasspool Mimic",2
"Gleaming Barrier",6
"Gleaming Overseer",1
"Glimpse of Nature",7
"Glint-Horn Buccaneer",33
"Glint Hawk",8
"Glissa, the Traitor",49
"Glistening Oil",5
"Glorious Anthem",4
"Glorious Protector",2
"Glowstone Recluse",2
"Go-Shintai of Life's Origin",1
"Go-Shintai of Shared Purpose",4
"Goblin Assault",1
"Goblin Bombardment",117
"Goblin Charbelcher",1
"Goblin Chieftain",1
"Goblin Firestarter",3
"Goblin Instigator",1
"Goblin Rabblemaster",1
"Goblin Recruiter",2
"Goblin Sharpshooter",9
"Goblin Sledder",1
"Goblin Warchief",2
"Goblin Warrens",12
"Goblin Welder",13
"God-Eternal Bontu",1
"God-Eternal Kefnet",33
"God-Eternal Oketra",3
"God-Eternal Rhonas",3
"God-Pharaoh's Gift",1
"Godhead of Awe",42
"Godo, Bandit Warlord",5
"Gods Willing",1
"Godsire",1
"Golden Hind",1
"Goldnight Redeemer",3
"Goldspan Dragon",10
"Golem's Heart",1
"Golem Foundry",2
"Golgari Findbroker",22
"Golgari Germination",3
"Golgari Rot Farm",106
"Golgari Thug",4
"Golos, Tireless Pilgrim",7
"Gonti's Aether Heart",1
"Gonti, Lord of Luxury",2
"Good-Fortune Unicorn",19
"Gore Vassal",1
"Gorgon's Head",2
"Gorgon Flail",2
"Goro-Goro, Disciple of Ryusei",2
"Govern the Guildless",2
"Grafted Exoskeleton",5
"Grafted Wargear",10
"Grand Abolisher",3
"Grand Architect",4
"Grapeshot",7
"Gratuitous Violence",3
"Grave Pact",18
"Gravebane Zombie",4
"Gravecrawler",51
"Gravedigger",4
"Gravelgill Axeshark",4
"Gravespawn Sovereign",4
"Gravewaker",1
"Gravity Sphere",3
"Gray Merchant of Asphodel",52
"Grazing Gladehart",59
"Grazing Kelpie",4
"Great Defender",2
"Great Furnace",1
"Great Oak Guardian",2
"Great Whale",17
"Greater Good",3
"Greed",2
"Greenwarden of Murasa",41
"Greenweaver Druid",1
"Grenzo, Dungeon Warden",11
"Griffin Canyon",2
"Grim Guardian",1
"Grim Haruspex",2
"Grim Harvest",1
"Grim Hireling",1
"Grim Initiate",1
"Grim Monolith",18
"Grimgrin, Corpse-Born",3
"Grinding Station",8
"Grindstone",1
"Grinning Ignus",47
"Grismold, the Dreadsower",3
"Grixis Illusionist",2
"Grolnok, the Omnivore",7
"Grotesque Hybrid",4
"Groundskeeper",1
"Groundswell",2
"Growing Rites of Itlimoc",1
"Growth-Chamber Guardian",1
"Growth Cycle",2
"Grumgully, the Generous",18
"Gruul Turf",106
"Guan Yu, Sainted Warrior",3
"Guardian Project",6
"Gudul Lurker",4
"Guildless Commons",21
"Guile",13
"Guilty Conscience",9
"Gush",1
"Gustha's Scepter",5
"Gutterbones",2
"Gwyllion Hedge-Mage",1
"Gyre Engineer",4
"Gyre Sage",1
"Haakon, Stromgald Scourge",9
"Hagra Diabolist",3
"Halana and Alena, Partners",4
"Halimar Excavator",3
"Hall of Heliod's Generosity",1
"Hallow",1
"Hallowed Spiritkeeper",1
"Halvar, God of Battle",21
"Hammer of Nazahn",8
"Hammer of Purphoros",3
"Hampering Snare",2
"Hamza, Guardian of Arashin",13
"Hangarback Walker",6
"Hanged Executioner",1
"Hankyu",1
"Hanna, Ship's Navigator",2
"Hanweir Militia Captain // Westvale Cult Leader",1
"Hapatra, Vizier of Poisons",8
"Hapless Researcher",1
"Harabaz Druid",3
"Hard Cover",2
"Hardened Scales",35
"Harmless Offering",2
"Harvester of Souls",1
"Hateflayer",10
"Hatred",3
"Haunted Crossroads",6
"Haunted Dead",6
"Havengul Lich",41
"Havoc Festival",2
"Haze of Rage",4
"Hazoret's Monument",19
"Headless Rider",1
"Heal the Scars",1
"Healer of the Pride",5
"Heart-Piercer Manticore",1
"Heart Sliver",2
"Heart Warden",1
"Heartbeat of Spring",4
"Heartless Hidetsugu",17
"Heartless Summoning",11
"Heartmender",4
"Heartstone",43
"Heat Shimmer",9
"Heavy Arbalest",1
"Hedron Archive",1
"Hedron Crab",6
"Heidar, Rimewind Master",1
"Heiko Yamazaki, the General",1
"Heliod, Sun-Crowned",14
"Helix Pinnacle",1
"Hell's Caretaker",3
"Hellcarver Demon",1
"Hellkite Charger",13
"Hellkite Courser",3
"Hellraiser Goblin",5
"Helm of Awakening",24
"Helm of Obedience",3
"Helm of the Host",16
"Hematite Talisman",7
"Herald of Kozilek",6
"Herbal Poultice",5
"Herd Baloth",8
"Hermetic Study",6
"Hermit Druid",7
"Hero of the Nyxborn",1
"Heroic Intervention",6
"Heroism",1
"Hex Parasite",4
"Hibernation Sliver",1
"Hidden Herbalists",2
"Hidden Retreat",1
"Hidden Strings",1
"Hidetsugu's Second Rite",2
"Hidetsugu, Devouring Chaos",1
"Hieroglyphic Illumination",2
"High Market",4
"High Tide",15
"Highspire Infusion",2
"Hissing Iguanar",1
"Hive Mind",16
"Hoard Robber",9
"Hofri Ghostforge",4
"Hogaak, Arisen Necropolis",3
"Hold the Gates",1
"Honden of Life's Web",5
"Honor-Worn Shaku",1
"Hope Tender",23
"Hopeful Eidolon",7
"Hopping Automaton",1
"Horde of Notions",6
"Hordeling Outburst",3
"Horizon Chimera",16
"Horizon Stone",2
"Horned Kavu",16
"Hornet Queen",2
"Horseshoe Crab",15
"Hostility",2
"Howling Mine",1
"Huatli, the Sun's Heart",1
"Hullbreacher",20
"Hullbreaker Horror",2
"Humility",3
"Hunger of the Howlpack",1
"Hungering Hydra",1
"Hunter's Prowess",2
"Huntmaster Liger",2
"Hushbringer",9
"Hushwing Gryff",9
"Hyalopterous Lemure",1
"Hypersonic Dragon",1
"Hypervolt Grasp",2
"Hyrax Tower Scout",7
"Iceberg",2
"Ich-Tekik, Salvage Splicer",6
"Ichor Wellspring",1
"Identity Thief",9
"Idle Thoughts",1
"Idol of Endurance",4
"Ilharg, the Raze-Boar",5
"Ill-Gotten Gains",9
"Illuna, Apex of Wishes",3
"Illusionist's Bracers",26
"Illusionist's Stratagem",1
"Illusions of Grandeur",4
"Ilysian Caryatid",3
"Imagecrafter",1
"Imaginary Threats",2
"Immortal Coil",1
"Immortal Phoenix",1
"Immovable Rod",8
"Impact Tremors",76
"Impassioned Orator",3
"Imperious Perfect",78
"Impulsive Pilferer",5
"In the Eye of Chaos",1
"Inalla, Archmage Ritualist",10
"Increasing Ambition",2
"Increasing Vengeance",10
"Incubation Druid",15
"Indatha Triome",2
"Indestructibility",31
"Indigo Faerie",2
"Inexorable Tide",1
"Infectious Host",7
"Inferno Titan",304
"Infestation Expert",4
"Infinite Reflection",52
"Infuriate",2
"Initiates of the Ebon Hand",2
"Ink-Treader Nephilim",1
"Inner Calm, Outer Strength",2
"Insatiable Appetite",2
"Insatiable Hemophage",2
"Insidious Will",1
"Inspiration",1
"Inspirit",2
"Instill Energy",3
"Integrity // Intervention",2
"Intervention Pact",1
"Into the Maw of Hell",7
"Intruder Alarm",214
"Intuition",3
"Invert // Invent",5
"Inverter of Truth",1
"Invigorate",2
"Invincible Hymn",1
"Invoke Calamity",1
"Iridescent Drake",4
"Iron Myr",1
"Iron Will",2
"Irregular Cohort",2
"Irrigated Farmland",12
"Island Sanctuary",2
"Isochron Scepter",173
"Ith, High Arcanist",4
"Ivy Lane Denizen",7
"Izzet Boilerworks",126
"Izzet Chronarch",67
"Izzet Guildmage",7
"Jace's Archivist",1
"Jace's Erasure",5
"Jace, Architect of Thought",1
"Jace, Cunning Castaway",20
"Jace, the Mind Sculptor",13
"Jace, Wielder of Mysteries",39
"Jackal Pup",2
"Jaddi Offshoot",59
"Jade Mage",14
"Jarad, Golgari Lich Lord",1
"Jegantha, the Wellspring",11
"Jeska's Will",1
"Jeska, Thrice Reborn",3
"Jeskai Ascendancy",102
"Jeskai Charm",3
"Jet Medallion",5
"Jeweled Amulet",5
"Jeweled Lotus",4
"Jhoira's Familiar",7
"Jhoira, Weatherlight Captain",1
"Jiang Yanggu, Wildcrafter",3
"Jin-Gitaxias, Progress Tyrant",6
"Jinx",2
"Jinxed Idol",2
"Jinxed Ring",1
"Jirina Kudro",6
"Jodah's Avenger",1
"Jodah, Archmage Eternal",1
"Joint Assault",2
"Jolrael, Empress of Beasts",1
"Journey to Eternity",6
"Jousting Dummy",3
"Judge of Currents",1
"Judith, the Scourge Diva",4
"Jugan Defends the Temple",5
"Juju Bubble",2
"Jund Battlemage",1
"Jungle Basin",1
"Jungleborn Pioneer",1
"Juniper Order Druid",23
"Juniper Order Ranger",6
"Junji, the Midnight Sky",10
"Junk Diver",3
"Justice Strike",1
"K'rrik, Son of Yawgmoth",57
"Kaalia of the Vast",1
"Kabira Vindicator",1
"Kadena, Slinking Sorcerer",2
"Kaervek's Spite",2
"Kaervek, the Spiteful",8
"Kalamax, the Stormsire",6
"Kalastria Healer",6
"Kaldra Compleat",2
"Kamahl, Fist of Krosa",3
"Kamahl, Heart of Krosa",3
"Kami of the Crescent Moon",1
"Karakas",2
"Karametra's Acolyte",14
"Karametra's Blessing",2
"Karametra's Favor",2
"Karmic Guide",28
"Karn's Bastion",1
"Karn's Temporal Sundering",7
"Karn's Touch",8
"Karn Liberated",1
"Karn, Silver Golem",16
"Karn, the Great Creator",38
"Karrthus, Tyrant of Jund",10
"Kavu Recluse",2
"Kaya's Ghostform",19
"Kaya the Inexorable",8
"Kaya, Geist Hunter",1
"Kaya, the Inexorable",1
"Kazandu Tuskcaller",1
"Kederekt Leviathan",3
"Kederekt Parasite",1
"Kediss, Emberclaw Familiar",5
"Keen Sense",15
"Keeper of Progenitus",3
"Kefnet's Monument",5
"Kefnet the Mindful",4
"Kels, Fight Fixer",6
"Kemba, Kha Regent",1
"Kenrith, the Returned King",42
"Keranos, God of Storms",1
"Kess, Dissident Mage",7
"Ketria Triome",2
"Khalni Gem",42
"Kiki-Jiki, Mirror Breaker",247
"Kill Switch",2
"Kilnmouth Dragon",2
"Kindred Discovery",3
"King Macar, the Gold-Cursed",4
"Kinnan, Bonder Prodigy",65
"Kiora's Follower",7
"Kiri-Onna",1
"Kitchen Finks",9
"Kite Shield",5
"Knacksaw Clique",5
"Knowledge Pool",4
"Knowledge Vault",1
"Kobolds of Kher Keep",22
"Kodama's Might",2
"Kodama of the East Tree",163
"Kogla, the Titan Ape",5
"Kokusho, the Evening Star",3
"Koll, the Forgemaster",41
"Koma, Cosmos Serpent",1
"Kongming, ""Sleeping Dragon""",2
"Kor Celebrant",4
"Kor Skyfisher",23
"Kormus Bell",5
"Korozda Guildmage",1
"Korvold, Fae-Cursed King",14
"Kotori, Pilot Prodigy",2
"Kozilek's Channeler",2
"Kozilek, Butcher of Truth",194
"Krark-Clan Ironworks",81
"Kraul Foragers",3
"Krenko, Mob Boss",18
"Krosan Drover",1
"Krosan Grip",1
"Krosan Restorer",10
"Kroxa, Titan of Death's Hunger",5
"Kumena, Tyrant of Orazca",2
"Kurkesh, Onakke Ancient",10
"Kuro, Pitlord",1
"Kydele, Chosen of Kruphix",7
"Kykar, Wind's Fury",15
"Kyren Negotiations",1
"Laboratory Maniac",43
"Lady Sun",1
"Laid to Rest",32
"Lancers en-Kor",3
"Lancers en-Kor
",1
"Lantern of the Lost",1
"Lapis Lazuli Talisman",9
"Larger Than Life",2
"Last Chance",2
"Lava Axe",1
"Lava Spike",2
"Lava Zombie",1
"Lavabelly Sliver",2
"Lavabrink Floodgates",1
"Lavaclaw Reaches",2
"Lavamancer's Skill",3
"Lavinia, Azorius Renegade",2
"Lazav, the Multifarious",3
"Leaf Gilder",2
"Leafkin Avenger",1
"Leafkin Druid",1
"League Guildmage",1
"Leashling",1
"Leech Bonder",2
"Leech Gauntlet",2
"Leechridden Swamp",1
"Legacy Weapon",1
"Legion Conquistador",1
"Legion Warboss",2
"Leonin Elder",1
"Leonin Relic-Warder",28
"Leonin Squire",1
"Leshrac's Sigil",2
"Lesser Masticore",20
"Lethal Vapors",6
"Leveler",15
"Ley Druid",23
"Ley Weaver",11
"Leyline of Abundance",16
"Leyline of Anticipation",2
"Leyline of Sanctity",1
"Leyline of Singularity",20
"Leyline of the Void",1
"Leyline Prowler",3
"Leyline Tyrant",2
"Lich",4
"Lich's Mastery",2
"Lich's Mirror",1
"Lich Lord of Unx",1
"Lier, Disciple of the Drowned",2
"Life // Death",1
"Life and Limb",9
"Life Chisel",4
"Life from the Loam",2
"Lifegift",59
"Lifelink",10
"Lifespark Spellbomb",3
"Lifespring Druid",3
"Light of Day",1
"Light of Promise",9
"Lightning-Rig Crew",3
"Lightning Bolt",3
"Lightning Crafter",7
"Lightning Greaves",24
"Lightning Prowess",3
"Lightning Runner",3
"Liliana's Mastery",1
"Liliana Vess",2
"Liliana, Death's Majesty",3
"Liliana, Dreadhorde General",2
"Liliana, Untouched by Death",3
"Linessa, Zephyr Mage",1
"Lingering Tormentor",4
"Linvala, Keeper of Silence",4
"Lion's Eye Diamond",54
"Liquimetal Coating",16
"Lithoform Engine",22
"Lithomancer's Focus",2
"Living Death",11
"Living Plane",8
"Living Twister",3
"Livio, Oathsworn Sentinel",2
"Llanowar Elves",5
"Llanowar Scout",218
"Llanowar Sentinel",1
"Llanowar Tribe",10
"Llanowar Visionary",1
"Loaming Shaman",1
"Lodestone Bauble",5
"Lord of the Accursed",1
"Lord of the Forsaken",2
"Lore Drakkis",12
"Lore Weaver",1
"Lotus Bloom",8
"Lotus Cobra",74
"Lotus Field",25
"Lotus Guardian",3
"Lotus Petal",37
"Lotus Vale",24
"Loxodon Warhammer",1
"Loyal Apprentice",1
"Loyal Retainers",5
"Lumbering Battlement",15
"Lumengrid Drake",1
"Lumengrid Sentinel",2
"Luminous Angel",1
"Luminous Broodmoth",113
"Lunar Force",2
"Lurrus of the Dream-Den",12
"Lutri, the Spellchaser",1
"Maddening Cacophony",2
"Madrush Cyclops",1
"Maelstrom Wanderer",5
"Magda, Brazen Outlaw",49
"Mage's Contest",1
"Mage's Guile",2
"Magebane Armor",2
"Maggot Carrier",1
"Magister Sphinx",1
"Magistrate's Scepter",37
"Magosi, the Waterveil",24
"Magus of the Candelabra",16
"Magus of the Coffers",5
"Magus of the Disk",1
"Magus of the Future",14
"Magus of the Mirror",20
"Magus of the Moat",2
"Magus of the Order",1
"Mairsil, the Pretender",7
"Make Obsolete",1
"Makeshift Mannequin",2
"Malachite Talisman",6
"Malakir Blood-Priest",4
"Malcolm, Keen-Eyed Navigator",16
"Malicious Intent",1
"Malignus",1
"Man-o'-War",9
"Mana Breach",1
"Mana Crypt",15
"Mana Echoes",44
"Mana Flare",2
"Mana Geode",40
"Mana Geyser",1
"Mana Matrix",80
"Mana Reflection",16
"Mana Severance",8
"Mana Vault",11
"Manamorphose",3
"Manascape Refractor",2
"Manaweft Sliver",16
"Manifold Key",2
"Maraleaf Pixie",2
"Maralen of the Mornsong",3
"Marang River Prowler",10
"Marath, Will of the Wild",31
"Marauding Blight-Priest",1
"Marauding Raptor",9
"March of the Machines",91
"Mardu Hordechief",1
"Mardu Warshrieker",1
"Marionette Master",4
"Mark of Eviction",1
"Mark of the Vampire",7
"Market Festival",2
"Marrow-Gnawer",17
"Marshal's Anthem",1
"Martial Glory",2
"Martyr's Cause",2
"Marwyn the Nurturer",1
"Marwyn, the Nurturer",5
"Maskwood Nexus",34
"Mass Hysteria",7
"Mass Polymorph",2
"Master Biomancer",20
"Master of Cruelties",2
"Master of Etherium",1
"Master of the Wild Hunt",1
"Master Transmuter",6
"Mastermind's Acquisition",5
"Mastery of the Unseen",4
"Matter Reshaper",6
"Maw of the Obzedat",1
"Maximize Velocity",2
"Mayael's Aria",4
"Mayhem Devil",8
"Maze's End",6
"Maze of Ith",8
"Mazirek, Kraul Death Priest",4
"Mechanized Production",1
"Mechtitan Core",4
"Medicine Runner",3
"Medomai the Ageless",34
"Melek, Izzet Paragon",1
"Meletis Charlatan",1
"Melira, Sylvok Outcast",24
"Meloku the Clouded Mirror",7
"Meloku, the Clouded Mirror",4
"Memnarch",8
"Memnite",57
"Memory Crystal",5
"Mentor of the Meek",2
"Mephidross Vampire",16
"Merchant Scroll",1
"Mercurial Pretender",5
"Meren of Clan Nel Toth",1
"Merfolk Skydiver",1
"Merieke Ri Berit",2
"Mesmeric Orb",45
"Metallic Mimic",4
"Metallic Sliver",1
"Metallurgic Summonings",1
"Metalworker",8
"Metathran Transport",2
"Meteor Golem",1
"Meteorite",40
"Michonne, Ruthless Survivor",1
"Midnight Guard",9
"Might of Alara",2
"Might of Oaks",2
"Might of Old Krosa",2
"Might of the Masses",2
"Might of the Nephilim",2
"Mighty Leap",2
"Mikaeus, the Lunarch",1
"Mikaeus, the Unhallowed",49
"Mike, the Dungeon Master",19
"Militia Rallier",3
"Millicent, Restless Revenant",2
"Mimic Vat",13
"Minamo, School at Water's Edge",5
"Mind's Desire",2
"Mind Over Matter",17
"Mindcrank",4
"Mindlash Sliver",1
"Mindleecher",2
"Mindless Automaton",5
"Mindlock Orb",1
"Mindslaver",10
"Minion's Return",5
"Minion Reflector",4
"Ministrant of Obligation",2
"Mirage Mirror",6
"Mirage Phalanx",1
"Mirari's Wake",1
"Miren, the Moaning Well",1
"Mirran Mettle",2
"Mirran Spy",18
"Mirror-Mad Phantasm",6
"Mirror Box",2
"Mirror Entity",300
"Mirror Gallery",20
"Mirror Image",4
"Mirror Mockery",1
"Mirror of Fate",6
"Mirror of the Forebears",1
"Mirror Sheen",2
"Mirrorhall Mimic",2
"Mirrormade",14
"Mirrorwing Dragon",1
"Mirrorworks",4
"Miscalculation",2
"Mischievous Poltergeist",1
"Mischievous Quanar",1
"Mishra's Bauble",21
"Mist Dragon",1
"Mist Raven",1
"Mistcutter Hydra",1
"Misthollow Griffin",16
"Mistmeadow Witch",4
"Mistmoon Griffin",4
"Mizzix of the Izmagnus",95
"Mnemonic Wall",107
"Moat",2
"Mobilize",1
"Mobilized District",1
"Mogg Fanatic",7
"Mogg Maniac",1
"Mogg War Marshal",2
"Mogis's Marauder",1
"Molderhulk",4
"Moldervine Reclamation",2
"Molten Echoes",18
"Moltensteel Dragon",1
"Moment of Heroism",2
"Moment of Triumph",2
"Momentary Blink",1
"Momir Vig, Simic Visionary",1
"Monstrify",2
"Monstrous Growth",2
"Monstrous Step",2
"Moonbow Illusionist",2
"Morality Shift",6
"Moritte of the Frost",1
"Morophon, the Boundless",14
"Morphling",6
"Morselhoarder",5
"Mortal's Ardor",2
"Mortal's Resolve",2
"Mortician Beetle",7
"Mortuary",40
"Mortus Strider",1
"Mossbridge Troll",1
"Mox Amber",7
"Mox Diamond",1
"Mox Emerald",1
"Mox Jet",1
"Mox Opal",2
"Mox Pearl",1
"Mox Ruby",1
"Mox Sapphire",1
"Mul Daya Channelers",1
"Muldrotha, the Gravetide",12
"Mulldrifter",1
"Multani's Harmony",4
"Murasa Rootgrazer",3
"Murderer's Axe",5
"Murderous Redcap",24
"Murmuring Bosk",2
"Muscle Burst",2
"Mutagenic Growth",2
"Mutavault",2
"Muxus, Goblin Grandee",4
"Mycoloth",1
"Mycosynth Golem",2
"Mycosynth Lattice",96
"Myojin of Blooming Dawn",1
"Myojin of Cryptic Dreams",1
"Myojin of Towering Might",1
"Myr Battlesphere",24
"Myr Galvanizer",3
"Myr Matrix",4
"Myr Moonvessel",24
"Myr Propagator",2
"Myr Retriever",15
"Myr Turbine",11
"Myr Welder",35
"Mystic Compass",2
"Mystic Decree",7
"Mystic Forge",16
"Mystic Reflection",13
"Mystic Sanctuary",28
"Mystic Speculation",2
"Mystical Tutor",8
"Myth Unbound",14
"Mythos of Illuna",21
"Naban, Dean of Iteration",1
"Nacre Talisman",9
"Nadier, Agent of the Duskenel",2
"Nadir Kraken",16
"Najeela, the Blade-Blossom",14
"Najeela, The Blade-Blossom",2
"Nantuko Elder",1
"Nantuko Husk",3
"Narcomoeba",9
"Narset's Reversal",23
"Narset, Parter of Veils",1
"Naru Meha, Master Wizard",22
"Naru Meha, Master WIzard",1
"Nath of the Gilt-Leaf",1
"Natural Affinity",3
"Nature's Chosen",3
"Nature's Revolt",4
"Nature's Will",3
"Navigator's Compass",2
"Near-Death Experience",3
"Nearheath Pilgrim",7
"Necroduality",20
"Necromancy",18
"Necropotence",18
"Necrosynthesis",12
"Necrotic Ooze",24
"Neheb, Dreadhorde Champion",7
"Neheb, the Eternal",1
"Nekusar, the Mindrazer",5
"Nemata, Grove Guardian",7
"Nephalia Smuggler",4
"Nest Invader",1
"Nest of Scarabs",5
"Nested Shambler",1
"Nesting Dragon",13
"Nesting Grounds",8
"Nether Traitor",26
"Nether Void",1
"Nethroi, Apex of Death",1
"Nettle Drone",9
"Nettle Sentinel",1
"Neurok Transmuter",9
"Neutralize",2
"Neverending Torment",1
"Nevinyrral's Disk",3
"Nevinyrral, Urborg Tyrant
",3
"Nexus of Fate",21
"Nezumi Prowler",2
"Niambi, Esteemed Speaker",4
"Nicol Bolas, Dragon-God",6
"Night's Whisper",1
"Night Market Lookout",1
"Night of Souls' Betrayal",9
"Nightmare Shepherd",2
"Nightscape Apprentice",2
"Nightscape Master",1
"Nightsquad Commando",1
"Nikya of the Old Ways",1
"Nim Deathmantle",72
"Nim Shambler",2
"Nin, the Pain Artist",1
"Nine Lives",1
"Nissa of Shadowed Boughs",1
"Nissa, Who Shakes the World",1
"Niv-Mizzet Reborn",6
"Niv-Mizzet, Parun",16
"Niv-Mizzet, the Firemind",12
"Nivix Guildmage",9
"Nivmagus Elemental",1
"Noble Hierarch",2
"Noetic Scales",1
"Nomad Mythmaker",1
"Nomads en-Kor",10
"Noose Constrictor",4
"Norritt",20
"Notion Thief",1
"Noxious Gearhulk",1
"Noxious Revival",5
"Nucklavee",50
"Null Rod",6
"Nullpriest of Oblivion",9
"Nut Collector",1
"Nykthos, Shrine to Nyx",3
"Nylea's Disciple",3
"Nylea's Presence",2
"Nyx Lotus",9
"Nyx Weaver",1
"Nyxbloom Ancient",22
"Oasis Ritualist",4
"Oath of Druids",3
"Oath of Gideon",1
"Oath of Lim-Dûl",1
"Oath of Teferi",6
"Oathkeeper, Takeno's Daisho",20
"Oathsworn Giant",1
"Oathsworn Vampire",8
"Ob Nixilis, the Fallen",59
"Ob Nixilis, the Hate-Twisted",1
"Ob Nixilis, Unshackled",2
"Obeka, Brute Chronologist",9
"Obelisk of Undoing",1
"Obelisk Spider",2
"Obliterate",2
"Oblivion Crown",4
"Oblivion Ring",21
"Oboro Breezecaller",4
"Oboro, Palace in the Clouds",87
"Obosh, the Preypiercer",3
"Obscuring Aether",1
"Ocular Halo",2
"Odric, Lunarch Marshal",1
"Okaun, Eye of Chaos",2
"Oketra's Last Mercy",9
"Oketra's Monument",17
"Old Gnawbone",3
"Olivia's Dragoon",4
"Olivia, Crimson Bride",5
"Omen Machine",2
"Omen of the Sea",1
"Ominous Roost",20
"Ominous Seas",2
"Omnath, Locus of Creation",8
"Omnath, Locus of Mana",1
"Omnath, Locus of Rage",17
"On Serra's Wings",7
"One with the Stars",1
"Onyx Talisman",2
"Oona's Prowler",4
"Oona, Queen of the Fae",2
"Opalescence",23
"Opaline Unicorn",3
"Ophidian Eye",15
"Opposition Agent",6
"Oracle's Insight",2
"Orah, Skyclave Hierophant",3
"Orcish Mechanics",22
"Orcish Vandal",22
"Order of Whiteclay",1
"Orim's Chant",2
"Ornamental Courage",2
"Ornithopter",55
"Ornithopter of Paradise",1
"Orochi Hatchery",5
"Orochi Leafcaller",5
"Orochi Sustainer",1
"Orvar, the All-Form",5
"Orzhov Basilica",106
"Osgir, the Reconstructor",1
"Outrider en-Kor",24
"Overgrown Battlement",1
"Overgrown Tomb",2
"Pack's Favor",2
"Pact of the Titan",2
"Painter's Servant",40
"Pako, Arcane Retriever",1
"Paleoloth",1
"Palinchron",39
"Palladium Myr",10
"Pandemonium",5
"Panharmonicon",18
"Panicked Bystander",1
"Panoptic Mirror",4
"Paradigm Shift",5
"Paradise Druid",3
"Paradise Mantle",49
"Paradise Plume",40
"Paradox Engine",10
"Paradox Haze",1
"Parallax Wave",21
"Parallel Lives",36
"Parapet",1
"Parasitic Strix",1
"Pariah",5
"Pariah's Shield",5
"Part the Waterveil",5
"Pashalik Mons",1
"Patchwork Gnomes",9
"Patrol Signaler",1
"Patron of the Moon",19
"Pattern of Rebirth",3
"Pawn of Ulamog",29
"Peace of Mind",2
"Peer into the Abyss",5
"Peer Into the Abyss",7
"Peer Into The Abyss",1
"Pemmin's Aura",209
"Penance",1
"Pentad Prism",3
"Pentavus",22
"Peregrine Drake",55
"Perilous Forays",16
"Perilous Myr",1
"Perplexing Chimera",1
"Personal Incarnation",1
"Personal Tutor",5
"Pestermite",8
"Pestilence",5
"Pestilence Demon",6
"Phage the Untouchable",1
"Phantasmal Image",8
"Phantom Steed",42
"Phelddagrif",4
"Phenax, God of Deception",4
"Phylath, World Sculptor",3
"Phyresis",7
"Phyrexian Altar",520
"Phyrexian Delver",17
"Phyrexian Devourer",6
"Phyrexian Ghoul",3
"Phyrexian Marauder",9
"Phyrexian Metamorph",9
"Phyrexian Reclamation",4
"Phyrexian Scriptures",2
"Phyrexian Soulgorger",3
"Phyrexian Tower",1
"Phyrexian Triniform",4
"Phyrexian Unlife",22
"Phyrexian Walker",28
"Phytoburst",2
"Pili-Pala",44
"Pious Evangel",3
"Pious Evangel // Wayward Disciple",1
"Pir Imaginative Rascal",3
"Pir, Imaginative Rascal",23
"Pirate's Pillage",1
"Pitiless Plunderer",94
"Plague Belcher",2
"Plague of Vermin",2
"Planar Gate",10
"Planar Portal",2
"Planar Void",7
"Planebound Accomplice",21
"Planewide Celebration",3
"Platinum Angel",23
"Platinum Emperion",6
"Plunge into Darkness",1
"Poison-Tip Archer",1
"Polluted Mire",12
"Polukranos, Unchained",2
"Polyraptor",19
"Pontiff of Blight",1
"Poppet Stitcher",3
"Porcuparrot",1
"Port Razer",15
"Portal of Sanctuary",7
"Portcullis",1
"Possessed Skaab",23
"Possibility Storm",6
"Pouncing Shoreshark",2
"Power Artifact",6
"Power Conduit",3
"Power of Fire",3
"Powerstone Shard",1
"Prava of the Steel Legion",4
"Precursor Golem",1
"Predator's Rapport",1
"Predator's Strike",2
"Predatory Urge",1
"Predict",1
"Preeminent Captain",6
"Preordain",1
"Prepare // Fight",2
"Presence of Gond",33
"Presence of the Master",1
"Prey's Vengeance",2
"Price of Glory",3
"Priest of Forgotten Gods",1
"Priest of Gix",22
"Priest of Titania",11
"Priest of Urabrask",12
"Priest of Yawgmoth",2
"Primal Amulet",2
"Primal Boost",2
"Primal Surge",3
"Primal Vigor",48
"Prime Speaker Vannifar",5
"Prime Speaker Zegana",1
"Primeval Bounty",59
"Primordial Hydra",1
"Primordial Mist",17
"Primordial Sage",1
"Prismatic Geoscope",2
"Prismatic Lace",2
"Prismatic Omen",3
"Prismite",29
"Prismwake Merrow",2
"Prodigal Pyromancer",3
"Prodigal Sorcerer",3
"Professor Onyx",23
"Progenitor Mimic",56
"Progenitus",2
"Promise of Power",1
"Promised Kannushi",1
"Propaganda",4
"Proper Burial",5
"Prophetic Ravings",2
"Prosper, Tome-Bound",10
"Prossh, Skyraider of Kher",9
"Protean Hulk",29
"Protean Hydra",1
"Protector of the Crown",1
"Proteus Staff",3
"Prototype Portal",9
"Psionic Gift",3
"Psychic Corrosion",2
"Psychic Puppetry",2
"Psychosis Crawler",1
"Pull from Eternity",18
"Pulmonic Sliver",1
"Puppet Conjurer",1
"Puppeteer Clique",4
"Puresteel Paladin",20
"Purity",5
"Purphoros, Bronze-Blooded",3
"Purphoros, God of the Forge",38
"Putrid Goblin",9
"Putrid Imp",5
"Pyramid of the Pantheon",6
"Pyretic Ritual",12
"Pyrohemia",4
"Qilin's Blessing",2
"Quandrix Command",14
"Quarry Beetle",4
"Quasiduplicate",8
"Quest for Pure Flame",3
"Questing Phelddagrif",4
"Quickchange",2
"Quicksilver Dagger",2
"Quicksilver Elemental",9
"Quicksilver Gargantuan",1
"Quietus Spike",2
"Quillspike",1
"Quirion Elves",1
"Quirion Ranger",13
"Quirion Sentinel",5
"Radha, Heir to Keld",1
"Radiate",18
"Radical Idea",1
"Rafiq of the Many",1
"Rage Thrower",3
"Ragemonger",2
"Rain of Gore",1
"Rakdos Carnarium",106
"Rakdos, Lord of Riots",6
"Rakka Mar",44
"Ral Zarek",1
"Ral, Storm Conduit",23
"Rally of Wings",12
"Ramos, Dragon Engine",15
"Rampaging Baloths",16
"Rampaging Ferocidon",3
"Ramunap Excavator",2
"Rancor",2
"Ranger's Guile",2
"Rapacious One",1
"Raptor Hatchling",1
"Rasputin Dreamweaver",6
"Rattleblaze Scarecrow",4
"Rattleclaw Mystic",1
"Ravenous Bloodseeker",4
"Ravos, Soultender",1
"Razaketh's Rite",2
"Reality Acid",1
"Reality Spasm",1
"Realm Razer",1
"Reanimate",5
"Reassembling Skeleton",31
"Rebuild",2
"Reckless Fireweaver",26
"Reclaim",6
"Reconnaissance",2
"Recross the Paths",1
"Recurring Nightmare",1
"Red Elemental Blast",1
"Reef Shaman",2
"Reflections of Littjara",1
"Reflex Sliver",6
"Refuse // Cooperate",1
"Regal Behemoth",4
"Reins of the Vinesteed",3
"Reiterate",33
"Release to the Wind",4
"Relentless Dead",2
"Remote Isle",12
"Renata, Called to the Hunt",17
"Rendclaw Trow",4
"Renegade Doppelganger",1
"Renegade Rallier",17
"Renowned Weaponsmith",2
"Repay in Kind",6
"Repercussion",1
"Replication Specialist",1
"Requiem Angel",5
"Rescind",2
"Rescue",1
"Reset",6
"Reshape the Earth",3
"Resize",2
"Resounding Roar",2
"Resplendent Mentor",1
"Rest in Peace",4
"Restless Apparition",4
"Restoration Angel",14
"Retraction Helix",21
"Retreat to Coralhelm",1028
"Retreat to Emeria",13
"Retreat to Hagra",60
"Retreat to Kazandu",11
"Retrofitter Foundry",8
"Return Upon the Tide",2
"Returned Pastcaller",1
"Reveillark",14
"Revel in Riches",7
"Revenge of the Hunted",2
"Reverberate",9
"Reverse Damage",1
"Revival // Revenge",1
"Revolutionist",11
"Reyhan, Last of the Abzan",1
"Rhythm of the Wild",6
"Riding Red Hare",2
"Riding the Dilu Horse",2
"Riftsweeper",1
"Riku of Two Reflections",3
"Rime Tender",2
"Rimewind Taskmage",6
"Rin and Seri, Inseparable",8
"Rings of Brighthearth",38
"Rionya, Fire Dancer",2
"Riptide Chimera",1
"Riptide Laboratory",3
"Rise Again",2
"Risen Reef",1
"Rishkar, Peema Renegade",1
"Rite of Passage",26
"Rite of Replication",6
"River Kelpie",18
"Roalesk, Apex Hybrid",4
"Roar of the Kha",12
"Roaring Primadox",2
"Rograkh, Son of Rohgahh",33
"Rogue's Passage",1
"Role Reversal",1
"Rooftop Storm",29
"Rosethorn Acolyte",3
"Rot Hulk",51
"Rotlung Reanimator",2
"Rubinia Soulsinger",1
"Ruby Medallion",20
"Ruin Ghost",2
"Rule of Law",2
"Runaway Steam-Kin",14
"Rune-Tail, Kitsune Ascendant",1
"Runed Servitor",1
"Rush of Adrenaline",2
"Rusted Slasher",2
"Sacred Ground",3
"Sacred Guide",3
"Sacred Mesa",1
"Sacrifice",14
"Sadistic Hypnotist",2
"Safehold Elite",11
"Saffi Eriksdotter",14
"Saffi Eriksdotter
",2
"Sage's Row Denizen",1
"Sage of Fables",2
"Sage of Hours",24
"Sage of Mysteries",6
"Sage of the Falls",13
"Saheeli's Artistry",5
"Saheeli Rai",11
"Saheeli, Sublime Artificer",5
"Saheeli, the Gifted",1
"Sai, Master Thopterist",2
"Sakashima's Protege",1
"Sakashima's Student",17
"Sakashima of a Thousand Faces",18
"Sakashima the Impostor",16
"Sakashima, the Impostor",4
"Sakura-Tribe Scout",218
"Salvage Scout",2
"Salvage Titan",1
"Salvager of Ruin",13
"Salvager of Secrets",76
"Salvaging Station",8
"Samite Blessing",1
"Samite Ministration",1
"Samut's Sprint",2
"Samut, Tyrant Smasher",5
"Samut, Voice of Dissent",2
"Sanctum of Eternity",8
"Sanctum of Fruitful Harvest",4
"Sands of Time",4
"Sandsteppe Mastodon",4
"Sandsteppe Outcast",1
"Sandstorm Eidolon",1
"Sangrite Backlash",1
"Sangrite Surge",2
"Sanguine Bond",2
"Saproling Cluster",4
"Sapseep Forest",2
"Sarkhan, the Dragonspeaker",1
"Satyr Hedonist",1
"Savage Beating",1
"Savage Surge",2
"Savage Ventmaw",2
"Savannah",2
"Saving Grace",7
"Saving Grasp",1
"Savor the Moment",6
"Savra, Queen of the Golgari",1
"Saw in Half",6
"Sawtooth Loon",10
"Scaled Herbalist",1
"Scapeshift",3
"Scarecrone",1
"Scaretiller",2
"Scarland Thrinax",1
"Scattered Groves",14
"Scheming Symmetry",5
"Scholar of the Ages",144
"Scion of the Ur-Dragon",1
"Scion Summoner",1
"Scorched Ruins",2
"Scorned Villager",1
"Scourge of Kher Ridges",2
"Scourge of the Nobilis",7
"Scourge of the Skyclaves",2
"Scourge of Valkas",3
"Scrap Trawler",2
"Scrapbasket",2
"Screams from Within",1
"Scrib Nibblers",59
"Scrivener",51
"Scroll of Fate",32
"Scroll Rack",13
"Scryb Ranger",5
"Sculpting Steel",15
"Scurry Oak",8
"Scute Mob",1
"Scute Swarm",15
"Scuttlemutt",7
"Scuzzback Marauders",4
"Scythe of the Wretched",12
"Sea Gate Loremaster",1
"Sea Snidd",2
"Searing Touch",1
"Seasons Past",53
"Seat of the Synod",4
"Second Chance",22
"Second Sunrise",7
"Sedgemoor Witch",1
"Sedraxis Alchemist",2
"Sedris, the Traitor King",5
"Seed the Land",61
"Seedborn Muse",7
"Seedcradle Witch",20
"Seeds of Strength",2
"Seeker of Skybreak",24
"Seething Anger",5
"Seething Song",11
"Seismic Assault",1
"Seize the Day",1
"Seize the Initiative",2
"Sek'kuar, Deathkeeper",11
"Sekki, Seasons' Guide",3
"Selective Memory",4
"Selenia, Dark Angel",1
"Selesnya Charm",2
"Selesnya Evangel",1
"Selesnya Sanctuary",106
"Selfless Spirit",1
"Seller of Songbirds",1
"Selvala, Explorer Returned",2
"Selvala, Heart of the Wilds",20
"Semblance Anvil",91
"Sengir Autocrat",1
"Sensei's Divining Top",74
"Sentinel Totem",1
"Serenity",1
"Serra Avatar",6
"Serra the Benevolent",2
"Setessan Petitioner",3
"Sethron, Hurloon General",1
"Sever Soul",1
"Severed Strands",1
"Sevinne's Reclamation",8
"Sevinne, the Chronoclasm",2
"Shabraz, the Skyshark",12
"Shade's Form",5
"Shadow Guildmage",2
"Shadowborn Apostle",2
"Shadowspear",2
"Shallow Grave",5
"Shaman en-Kor",5
"Shaman of Forgotten Ways",1
"Shambling Ghast",6
"Shape the Sands",2
"Sharding Sphinx",1
"Shared Fate",1
"Sharuum the Hegemon",36
"Shed Weakness",2
"Sheltered Thicket",14
"Sheltering Light",1
"Sheltering Word",1
"Shield of Kaldra",2
"Shield Sphere",18
"Shielded by Faith",19
"Shifting Wall",9
"Shimmering Mirage",2
"Shimmering Wings",5
"Shimmerwing Chimera",1
"Shipwreck Dowser",73
"Shirei, Shizo's Caretaker",1
"Shivan Meteor",7
"Shivan Phoenix",1
"Show of Valor",2
"Showdown of the Skalds",47
"Shriekdiver",1
"Shriekhorn",3
"Shrieking Drake",48
"Shuko",10
"Sickening Dreams",1
"Sidisi, Brood Tyrant",4
"Sidisi, Undead Vizier",3
"Siege-Gang Commander",3
"Sifter of Skulls",18
"Sigarda's Summons",18
"Sigil Captain",5
"Sigil of Distinction",1
"Sigil of the New Dawn",61
"Sigil Tracer",1
"Sigiled Starfish",1
"Signpost Scarecrow",22
"Silas Renn, Seeker Adept",5
"Silence",2
"Silent Departure",1
"Silent Sentinel",1
"Silhana Starfletcher",1
"Silk Net",2
"Silver Drake",1
"Silver Myr",1
"Silver Seraph",1
"Silverflame Squire",2
"Silverskin Armor",3
"Simic Ascendancy",3
"Simic Growth Chamber",125
"Simic Ragworm",5
"Sinking Feeling",4
"Sinstriker's Will",1
"Siona, Captain of the Pyleas",6
"Sire of Insanity",1
"Siren of the Silent Song",2
"Sisay's Ring",1
"Sisay, Weatherlight Captain",3
"Sivvi's Valor",2
"Skeleton Shard",1
"Skill Borrower",1
"Skilled Animator",6
"Skirge Familiar",11
"Skirk Alarmist",1
"Skirk Prospector",36
"Skirsdag High Priest",1
"Skithiryx, the Blight Dragon",1
"Skull of Orm",1
"Skull Prophet",1
"Skullbriar, the Walking Grave",5
"Skullclamp",17
"Skullwinder",1
"Sky Hussar
",1
"Skybind",1
"Skyclave Relic",4
"Skyshroud Elf",6
"Skyshroud Ranger",199
"Skyshroud Sentinel",1
"Skyshroud Troopers",1
"Slimefoot, the Stowaway",8
"Sling-Gang Lieutenant",8
"Slippery Karst",12
"Slither Blade",4
"Slitherwisp",1
"Sliver Overlord",9
"Sliver Queen",32
"Slogurk, the Overslime",1
"Smoke Shroud",4
"Smoldering Crater",12
"Smothering Abomination",3
"Smothering Tithe",6
"Snake Basket",1
"Snake Umbra",5
"Snap",17
"Snare the Skies",2
"Sneak Attack",14
"Snow-Covered Forest",2
"Snow Hound",1
"Soaring Show-Off",1
"Sol Ring",19
"Soldevi Adnate",5
"Soldevi Excavations",18
"Solemnity",42
"Soltari Foot Soldier",4
"Soltari Guerrillas",4
"Song of Freyalise",6
"Songs of the Damned",1
"Soratami Mirror-Mage",1
"Sorcerer's Wand",3
"Sorin Markov",1
"Sorin the Mirthless",2
"Sorin, Vengeful Bloodlord",3
"Soul's Attendant",7
"Soul-Guide Lantern",1
"Soul Conduit",20
"Soul Diviner",2
"Soul Echo",17
"Soul Net",6
"Soul of Eternity",1
"Soul Of Eternity",1
"Soul of Innistrad",1
"Soul of New Phyrexia",1
"Soul Warden",11
"Soulbright Flamekin",7
"Soulfire Grand Master",5
"Soulherder",19
"Souvenir Snatcher",2
"Spark Double",23
"Sparkcaster",2
"Sparring Mummy",3
"Sparring Mummy
",1
"Spatial Binding",1
"Spawning Grounds",1
"Spawning Pit",9
"Spawnsire of Ulamog",14
"Speaker of the Heavens",1
"Spear of Heliod",2
"Species Gorger",2
"Species Specialist",2
"Spell Snip",2
"Spellbinder",4
"Spellbook",1
"Spelljack",1
"Spellseeker",3
"Spellshift",1
"Sphere of Safety",4
"Sphinx's Disciple",1
"Sphinx of the Second Sun",1
"Spidersilk Net",1
"Spidery Grasp",2
"Spike Feeder",5
"Spikeshot Elder",1
"Spine of Ish Sah",4
"Spirit en-Kor",4
"Spirit of the Labyrinth",1
"Spiteful Prankster",2
"Spiteful Sliver",1
"Spitemare",6
"Spitfire Lagac",1
"Splinter Twin",58
"Spoils of the Vault",3
"Spontaneous Flight",2
"Spore Swarm",3
"Sporemound",81
"Springjack Pasture",1
"Sprout Swarm",16
"Squadron Hawk",1
"Squandered Resources",2
"Squee, the Immortal",71
"Squire's Devotion",7
"Squirrel Mob",4
"Squirrel Nest",3
"Squirrel Wrangler",5
"Sram's Expertise",3
"Sram, Senior Edificer",4
"Stadium Vendors",40
"Staff of Domination",48
"Staggering Insight",7
"Stalking Vengeance",3
"Stampeding Serow",1
"Stampeding Wildebeests",1
"Stand Firm",2
"Star of Extinction",6
"Starfield of Nyx",5
"Starlit Sanctum",1
"Starnheim Courser",1
"Startling Development",2
"Stasis",1
"Steady Aim",2
"Steel of the Godhead",7
"Steelbane Hydra",1
"Steward of Solidarity",1
"Steward of Valeron",1
"Stinkweed Imp",1
"Stirring Address",2
"Stoic Builder",22
"Stolen Identity",2
"Stomping Ground",2
"Stone-Seeder Hierophant",81
"Stone Calendar",1
"Stonecloaker",6
"Stonecoil Serpent",10
"Stonewood Invocation",2
"Stonework Packbeast",15
"Stony Silence",6
"Stonybrook Schoolmaster",1
"Storm-Kiln Artist",14
"Storm Cauldron",1
"Storm the Festival",1
"Stormfront Riders",1
"Stormtide Leviathan",12
"Stranglehold",4
"Strangleroot Geist",17
"Strength of Cedars",2
"Strike it Rich",1
"String of Disappearances",1
"Strionic Resonator",13
"Strip Mine",3
"Stronghold Taskmaster",6
"Stuffy Doll",10
"Stunt Double",2
"Su-Chi",45
"Sublime Epiphany",4
"Sudden Spinnerets",2
"Summon the School",7
"Summoning Station",3
"Sun Titan",39
"Sunbird's Invocation",7
"Sunbond",8
"Suncleanser",2
"Sundial of the Infinite",7
"Sunken Hope",1
"Sunscape Apprentice",2
"Sunscorched Desert",3
"Sunstrike Legionnaire",52
"Supernatural Stamina",1
"Supreme Inquisitor",1
"Surly Badgersaur",67
"Survivor of the Unseen",1
"Sustaining Spirit",2
"Suture Priest",5
"Swan Song",3
"Swans of Bryn Argoll",3
"Swarm Intelligence",4
"Swarming Goblins",3
"Swell of Growth",2
"Swiftfoot Boots",1
"Swirling Spriggan",2
"Sword of Feast and Famine",6
"Sword of Light and Shadow",1
"Sword of the Meek",5
"Sword of the Paruns",44
"Swords to Plowshares",1
"Sydri, Galvanic Genius",36
"Sylvan Awakening",2
"Sylvan Caryatid",3
"Sylvan Might",2
"Sylvan Offering",1
"Sylvan Tutor",1
"Synod Artificer",4
"Synthetic Destiny",2
"Syr Konrad, the Grim",27
"Taiga",2
"Tainted Pact",9
"Tainted Remedy",1
"Tainted Sigil",1
"Tainted Strike",10
"Take Heart",2
"Talrand, Sky Summoner",2
"Tameshi, Reality Architect",18
"Tamiyo's Compleation",2
"Tamiyo, Collector of Tales",2
"Tana, the Bloodsower",1
"Tandem Lookout",20
"Tangleroot",20
"Tar Pitcher",1
"Tariel, Reckoner of Souls",1
"Tasigur, the Golden Fang",3
"Task Force",27
"Tatsunari, Toad Rider",1
"Tattered Mummy",8
"Tatterkite",5
"Tatyova, Benthic Druid",59
"Tawnos, Urza's Apprentice",6
"Tayam, Luminous Enigma",24
"Teferi's Ageless Insight",2
"Teferi's Isle",18
"Teferi's Protection",11
"Teferi's Puzzle Box",4
"Teferi, Mage of Zhalfir",5
"Teferi, Temporal Archmage",7
"Teferi, Time Raveler",6
"Teferi, Timebender",1
"Teferi, Who Slows the Sunset",1
"Telekinetic Bonds",1
"Tempered Steel",3
"Temple Bell",4
"Temple Garden",2
"Temple of the False God",2
"Temporal Adept",1
"Temporal Extortion",1
"Temporal Manipulation",114
"Temporal Mastery",7
"Temporal Trespass",5
"Tempt with Reflections",2
"Tempt with Vengeance",2
"Tempting Licid",5
"Temur Ascendancy",1
"Temur Sabertooth",28
"Tenacious Dead",12
"Tendrils of Agony",1
"Tergrid, God of Fright",1
"Terror of the Peaks",31
"Teshar, Ancestor's Apostle",36
"Tetravus",1
"Teysa Karlov",11
"Teysa, Orzhov Scion",6
"Tezzeret's Touch",6
"Tezzeret the Seeker",2
"Tezzeret The Seeker",1
"Tezzeret, Agent of Bolas",6
"Tezzeret, Betrayer of Flesh",8
"Thassa's Oracle",89
"Thassa, Deep-Dwelling",28
"That Which Was Taken",1
"The Blackstaff of Waterdeep",6
"The Cauldron of Eternity",11
"The Chain Veil",7
"The Circle of Loyalty",2
"The Eldest Reborn",1
"The First Sliver",7
"The Gitrog Monster",72
"The Great Henge",1
"The Immortal Sun",3
"The Locust God",49
"The Meathook Massacre",7
"The Mending of Dominaria",1
"The Mirari Conjecture",16
"The Ozolith",4
"The Reality Chip",14
"The Scarab God",2
"The Scorpion God",2
"The World Tree",1
"Thelonite Monk",2
"Thermal Flux",2
"Thermal Navigator",2
"Thermo-Alchemist",1
"Thermopod",85
"Thicket Elemental",1
"Thopter Assembly",1
"Thopter Engineer",1
"Thopter Foundry",4
"Thopter Squadron",2
"Thornbite Staff",167
"Thought Lash",5
"Thoughtlace",2
"Thousand-Year Elixir",13
"Thousand-Year Storm",6
"Thraben Doomsayer",2
"Thran Dynamo",11
"Thran Forge",7
"Thrashing Wumpus",2
"Thrasta, Tempest's Roar",1
"Threaten",1
"Thrill of the Hunt",2
"Thromok, The Insatiable",1
"Thunderblust",4
"Tide Drifter",1
"Tideshaper Mystic",2
"Tidespout Tyrant",7
"Tidewater Minion",33
"Tilling Treefolk",22
"Time Elemental",1
"Time Sieve",15
"Time Stop",1
"Time Stretch",29
"Time Vault",23
"Time Walk",74
"Time Warp",98
"Timestream Navigator",51
"Tinder Wall",1
"Tireless Tracker",11
"Titan's Strength",2
"Titan of Eternal Fire",1
"Titania's Song",5
"Titania, Protector of Argoth",5
"Titanic Growth",2
"Titans' Nest",1
"Tithe Taker",3
"To Arms!",30
"Tocatli Honor Guard",9
"Together Forever",16
"Toggo, Goblin Weaponsmith",13
"Toils of Night and Day",1
"Tolarian Academy",59
"Tolarian Kraken",4
"Tolsimir Wolfblood",1
"Tooth and Claw",5
"Torbran, Thane of Red Fell",1
"Torch Courier",7
"Torchling",6
"Torens, Fist of the Angels",7
"Torment of Hailfire",1
"Tormented Thoughts",1
"Tormod's Crypt",4
"Tormod the Desecrator",2
"Tormod, the Desecrator",23
"Torpor Orb",9
"Torrent of Souls",2
"Tortured Existence",7
"Towashi Guide-Bot",1
"Tower Above",2
"Toymaker",11
"Trade Routes",10
"Tradewind Rider",1
"Training Grounds",74
"Traitorous Greed",1
"Transcendence",3
"Transguild Courier",2
"Transmogrifying Licid",2
"Trapjaw Kelpie",4
"Traumatize",1
"Tread Upon",2
"Treasonous Ogre",35
"Treasure Vault",1
"Treasury Thrull",2
"Tree of Perdition",32
"Tree of Tales",1
"Trespasser's Curse",3
"Trespasser il-Vec",4
"Trickbind",1
"Trickster Mage",1
"Trinket Mage",1
"Triplicate Titan",1
"Triskaidekaphile",7
"Triskaidekaphobia",1
"Triskelavus",1
"Triskelion",53
"Triton Shorestalker",4
"Triton Tactics",1
"Triumph of the Hordes",5
"Tropical Island",2
"Trostani Discordant",1
"Trostani, Selesnya's Voice",4
"Trudge Garden",18
"True Conviction",2
"True Polymorph",1
"Truefire Captain",5
"Trumpeting Gnarr",2
"Trusted Advisor",1
"Tuktuk Rubblefort",2
"Tunneler Wurm",4
"Tunneling Geopede",59
"Turnabout",32
"Turntimber Ranger",10
"Twiddle",1
"Twilight Drover",2
"Twilight Shepherd",2
"Twin-Silk Spider",1
"Twincast",11
"Twinflame",20
"Twinning Staff",5
"Uba Mask",1
"Ugin's Conjurant",8
"Ugin's Nexus",8
"Ugin, the Ineffable",12
"Ukkima, Stalking Shadow",4
"Ulamog, the Infinite Gyre",209
"Ulasht, the Hate Seed",3
"Ulvenwald Captive",1
"Umbilicus",1
"Umbral Mantle",57
"Umbris, Fear Manifest",3
"Umori, the Collector",7
"Unbender Tine",10
"Unbound Flourishing",1
"Unbreakable Bond",2
"Unburial Rites",2
"Uncaged Fury",2
"Unchecked Growth",2
"Unconventional Tactics",2
"Undead Alchemist",1
"Undead Warchief",1
"Undercity Informer",3
"Underworld Breach",25
"Underworld Dreams",4
"Undying Flames",1
"Unearth",2
"Unexpected Fangs",1
"Unexpected Windfall",1
"Unexplained Disappearance",1
"Unflinching Courage",7
"Unfulfilled Desires",1
"Unhallowed Pact",5
"Unholy Indenture",5
"Universal Automaton",10
"Unnatural Predation",2
"Unruly Mob",30
"Unspeakable Symbol",2
"Unstable Frontier",2
"Unsummon",1
"Unwinding Clock",4
"Upwelling",1
"Ur-Golem's Eye",1
"Urabrask the Hidden",3
"Urborg Elf",1
"Urborg Shambler",6
"Urborg, Tomb of Yawgmoth",4
"Uro, Titan of Nature's Wrath",3
"Urza's Avenger
",1
"Urza's Bauble",13
"Urza's Incubator",15
"Urza, Lord High Artificer",16
"Utopia Mycon",1
"Utopia Sprawl",78
"Utopia Tree",3
"Utopia Vow",2
"Uyo, Silent Prophet",2
"Vadrok, Apex of Thunder",21
"Vampire's Zeal",2
"Vampire Aristocrat",1
"Vampire Charmseeker",17
"Vampire Hexmage",2
"Vampiric Link",1
"Vandalblast",1
"Varchild's Crusader",1
"Varolz, the Scar-Striped",1
"Vault of Whispers",1
"Vedalken Mastermind",1
"Vedalken Orrery",2
"Vengeful Dead",8
"Venser, Shaper Savant",27
"Venser, the Sojourner",5
"Verdant Eidolon",2
"Verdant Haven",1
"Verdant Succession",55
"Verdant Sun's Avatar",6
"Vernal Bloom",1
"Vesperlark",4
"Vesuvan Doppelganger",1
"Vesuvan Shapeshifter",2
"Veteran's Reflexes",2
"Veteran Armorer",4
"Vicious Shadows",1
"View from Above",4
"Vigean Graftmage",1
"Vigor",21
"Vilis, Broker of Blood",13
"Village Bell-Ringer",9
"Village Bell-Ringer
",1
"Vindictive Lich",7
"Vindictive Vampire",3
"Vine Trellis",1
"Vines of the Recluse",2
"Viral Drake",2
"Viridian Joiner",4
"Viridian Longbow",2
"Virtus the Veiled",1
"Virulent Swipe",2
"Viscera Seer",75
"Viscid Lemures",1
"Vish Kal, Blood Arbiter",2
"Visionary Augmenter",1
"Vitality Charm",2
"Vitalize",17
"Vito, Thorn of the Dusk Rose",2
"Vizier of Many Faces",1
"Vizier of Remedies",19
"Vizier of the Menagerie",3
"Vizier of Tumbling Sands",27
"Vizkopa Guildmage",17
"Void Maw",6
"Void Mirror",1
"Void Snare",1
"Volcano Hellion",14
"Volo, Guide to Monsters",6
"Volrath's Dungeon",3
"Volrath's Shapeshifter",5
"Volrath, the Shapestealer",2
"Voltaic Construct",80
"Voltaic Key",11
"Voltaic Servant",1
"Voracious Hydra",1
"Vorel of the Hull Clade",5
"Vorinclex, Monstrous Raider",7
"Vorinclex, Voice of Hunger",4
"Voyaging Satyr",25
"Vraska's Stoneglare",1
"Vraska, Swarm's Eminence",2
"Vrondiss, Rage of Ancients",5
"Wake Thrasher",7
"Wakedancer",1
"Wakeroot Elemental",3
"Walk the Aeons",97
"Walking Atlas",221
"Walking Ballista",77
"Wall of Blood",16
"Wall of Kelp",1
"Wall of Stolen Identity",1
"Wandering Fumarole",2
"Wanderwine Prophets",4
"Warchanter Skald",27
"Warden of the Eye",11
"Warmonger",2
"Warrior's Oath",2
"Warrior en-Kor",4
"Warstorm Surge",25
"Waterfront Bouncer",1
"Waves of Aggression",1
"Wax // Wane",2
"Wayward Servant",1
"Weaponcraft Enthusiast",2
"Weaver of Blossoms",4
"Weaver of Harmony",16
"Web of Inertia",1
"Webweaver Changeling",1
"Wedding Ring",4
"Weird Harvest",1
"Welding Jar",4
"Well of Knowledge",1
"Well of Lost Dreams",1
"Werebear",1
"Wheel of Fortune",2
"Wheel of Misfortune",10
"Wheel of Sun and Moon",9
"Whim of Volrath",1
"Whip of Erebos",2
"Whip Silk",5
"Whirler Rogue",2
"Whirler Virtuoso",1
"Whisper, Blood Liturgist",16
"Whisperer of the Wilds",1
"Whispers of the Muse",1
"Whispersilk Cloak",1
"Whisperwood Elemental",4
"Whitemane Lion",34
"Wielding the Green Dragon",2
"Wight",7
"Wild Cantor",1
"Wild Growth",1
"Wild Hunger",2
"Wild Might",2
"Wild Mongrel",4
"Wilderness Reclamation",5
"Wildwood Scourge",1
"Wilhelt, the Rotcleaver",3
"Will Kenrith",80
"Will of the All-Hunter",2
"Windfall",5
"Winding Constrictor",22
"Winds of Rebuke",1
"Wingrattle Scarecrow",11
"Wipe Away",1
"Wirewood Channeler",9
"Wirewood Elf",1
"Wirewood Lodge",3
"Wirewood Symbiote",9
"Wispweaver Angel",10
"Witch's Oven",5
"Witch Engine",1
"Witherbloom Apprentice",14
"Witherbloom Pledgemage",1
"Wizard Class",4
"Wizard Mentor",1
"Woe Strider",5
"Wolfhunter's Quiver",2
"Wolfwillow Haven",1
"Woodcutter's Grit",2
"Woodfall Primus",3
"Woodland Champion",1
"Woodland Mystic",1
"Word of Undoing",1
"Words of Wilding",6
"Words of Wind",2
"Words of Worship",2
"Workhorse",34
"Workshop Assistant",1
"Worldfire",7
"Worldgorger Dragon",16
"Worldheart Phoenix",5
"Worldly Tutor",1
"Worldslayer",2
"Worldspine Wurm",4
"Worm Harvest",1
"Wormfang Manta",77
"Worms of the Earth",4
"Worn Powerstone",1
"Worship",2
"Worthy Cause",11
"Wound Reflection",7
"Wren's Run Packmaster",6
"Wulfgar of Icewind Dale",1
"Wurmcoil Engine",3
"Xantcha, Sleeper Agent",1
"Xathrid Necromancer",16
"Xenagos, God of Revels",1
"Xenagos, the Reveler",1
"Xenic Poltergeist",12
"Xenograft",28
"Xorn",1
"Xyris, the Writhing Storm",3
"Yahenni, Undying Partisan",1
"Yannik, Scavenging Sentinel",3
"Yarok, the Desecrated",26
"Yasharn, Implacable Earth",1
"Yavimaya Sapherd",1
"Yawgmoth's Will",1
"Yawgmoth, Thran Physician",10
"Yedora, Grave Gardener",17
"Yennett, Cryptic Sovereign",4
"Yidaro, Wandering Monster",1
"Yomiji, Who Bars the Way",23
"Yore-Tiller Nephilim",1
"Yosei, the Morning Star",1
"Young Wolf",18
"Yurlok of Scorch Thrash",2
"Zacama, Primal Calamity",3
"Zada, Hedron Grinder",1
"Zagoth Triome",2
"Zagras, Thief of Heartbeats",1
"Zameck Guildmage",1
"Zaxara, the Exemplary",3
"Zealous Conscripts",6
"Zealous Strike",2
"Zedruu the Greathearted",4
"Zedruu, the Greathearted",1
"Zendikar's Roil",62
"Zendikar Resurgent",3
"Zhur-taa Ancient",1
"Zhur-Taa Ancient",1
"Zhur-Taa Druid",7
"Zirda, the Dawnwaker",64
"Zirilan of the Claw",1
"Zndrsplt's Judgment",2
"Zndrsplt, Eye of Wisdom",3
"Zombify",2
"Zulaport Cutthroat",71
"Zulaport Duelist",1
"Zur's Weirding",1
"Zur the Enchanter",1
"Zuran Orb",11
